model_alias,condition,horizon,landmark,surviving_rollouts,at_risk_rollouts,excluded_noncanonical_at_landmark,eligible_contexts,informative_contexts,prior_and_future,prior_only,future_only,neither,pooled_future_probability_given_prior,pooled_future_probability_given_no_prior,pooled_future_risk_difference,common_odds_ratio,test_name,test_statistic,p_value,log10_p_value,multiplicity_p_value,multiplicity_log10_p_value,by_q_value,log10_by_q_value
qwen3-30b-a3b-instruct-2507,unconditional,256,128,42,33,9,1,1,8,2,3,20,0.8,0.13043478260869565,0.6695652173913044,26.666666666666668,fisher_exact,,0.0004249736174096572,-3.371638030347454,0.0004249736174096572,-3.371638030347454,0.0318673928016449,-1.496653466434527
qwen3-30b-a3b-instruct-2507,wikitext,1024,512,1409,1305,104,100,33,32,30,157,1086,0.5161290322580645,0.1263073209975865,0.38982171126047804,4.359276395759888,exact_stratified_conditional,,2.8821759895744658e-08,-7.540279504102349,2.8821759895744658e-08,-7.540279504102349,3.2418753995745793e-06,-5.489203681133741
qwen3-30b-a3b-instruct-2507,wikitext,2048,1024,1177,1036,141,100,60,83,40,185,728,0.6747967479674797,0.20262869660460023,0.4721680513628794,6.303434485820237,exact_stratified_conditional,,7.081150096402431e-18,-17.149896199943413,7.081150096402431e-18,-17.149896199943413,1.5929774157622885e-15,-14.797790381310822
